Name,Surname,Grade,Avgdiff
Han,Solo,80,-0.7999999999999972
Luke,Skywalker,90,9.200000000000003
Obi,Van Kenobi,88,7.200000000000003
Leya,Skywalker,91,10.200000000000003
Anakin,Skywalker,55,-25.799999999999997
